,spp,Subfamily,Tribe,long_aquenio,anch_aquenio,area_aquenio,pappus_type,nr_cerdas,long_cerda_max,dispersion,area,vol,PL,log_PL,loglog_PL,sqrt_PL
Antennaria-flagellaris,Antennaria_flagellaris,Asteroideae,Gnaphalieae,2.928,0.632,1.322,Setose,27,6.066,viento,115.599161688475,0.459266866488686,0.003972925576477,-5.52825253464917,-0.16381110443226,0.063031147669042
Antennaria-dimorpha,Antennaria_dimorpha,Asteroideae,Gnaphalieae,3.517,0.795,2.483,Setose,16,10.64,viento,355.658447675839,0.872904055718107,0.00245433241127,-6.00990048495177,-0.023141012166007,0.049541219315532
Gamochaetopsis-alpina,Gamochaetopsis_alpina,Asteroideae,Gnaphalieae,1.065,0.389,0.335,Setose,23,2.756,viento,23.8620800976768,0.063286152894945,0.00265216411858,-5.9323793237394,-0.87006175618913,0.051499166193051
Luciliocline-subspicata,Luciliocline_subspicata,Asteroideae,Gnaphalieae,1.428,0.463,0.512,Setose,34,1.203,viento,4.54654116260903,0.120212623486994,0.026440455841813,-3.63286002353407,-1.39893007897723,0.162605214682103
Facelis-lasiocarpa,Facelis_lasiocarpa,Asteroideae,Gnaphalieae,1.018,0.35,0.291,Setose,24,4.16,viento,54.3671458259635,0.048971538983239,0.000900756111971,-7.01227602293455,-0.754929214803825,0.030012599220513
Gnaphalium-americanum,Gnaphalium_americanum,Asteroideae,Gnaphalieae,0.638,0.276,0.134,Setose,9,2.683,viento,22.6147201593469,0.019085288467894,0.000843932104798,-7.07743851115603,-1.2694273605074,0.029050509544554
Belloa-schultzii,Belloa_schultzii,Asteroideae,Gnaphalieae,1.19,0.402,0.357,Setose,32,1.037,viento,3.3783713502982,0.07551947345462,0.022353809983788,-3.80075850337747,-2.12204529440246,0.149511905826218
Antennaria-linearifolia,Antennaria_linearifolia,Asteroideae,Gnaphalieae,1.052,0.433,0.349,Setose,20,3.804,viento,45.4601525999882,0.0774553495513,0.001703807509457,-6.37488982088963,-0.670202629761911,0.041277203265931
Leontopodium-alpinum,Leontopodium_alpinum,Asteroideae,Gnaphalieae,0.672,0.287,0.121,Setose,29,5.912,viento,109.804142180551,0.021736667003817,0.000197958533734,-8.52745297478637,-0.814854351933056,0.014069773762729
Craspedia-variabilis,Craspedia_variabilis,Asteroideae,Gnaphalieae,2.264,1.134,1.758,Setose,18,4.414,viento,61.2088937405808,1.14330582805044,0.018678753303861,-3.98036858803062,0.032550897880745,0.136670235617933
Trichanthodium-skirrophorum,Trichanthodium_skirrophorum,Asteroideae,Gnaphalieae,1.302,0.64,0.58,Coroniform,4,0.953,ambiguo,2.85322272232413,0.209426106110664,0.073399842617295,-2.61183348754251,-1.49113982983134,0.270924053227643
Cassinia-aculeata,Cassinia_aculeata,Asteroideae,Gnaphalieae,0.946,0.401,0.302,Setose,22,2.801,viento,24.6476824645967,0.05973649916428,0.002423615242842,-6.02249495157435,-0.879279533251848,0.049230226922509
Pseudognaphalium-obtusifolium,Pseudognaphalium_obtusifolium,Asteroideae,Gnaphalieae,0.636,0.249,0.151,Setose,22,3.573,viento,40.1066053997103,0.01548515994616,0.000386099989097,-7.85941418293261,-1.12903339935588,0.01964942719514
Helichrysum-stoechas,Helichrysum_stoechas,Asteroideae,Gnaphalieae,0.85,0.4,0.34,Setose,NA,3.75,viento,44.1786466911065,0.053407075111027,0.001208888886153,-6.7180536171541,-0.773396309719318,0.034769079455064
Disparago-ericoides,Disparago_ericoides,Asteroideae,Gnaphalieae,0.902,0.499,0.405,Setose,18,3.022,viento,28.6905446434263,0.088199782565942,0.003074175947327,-5.78471839824715,-0.723402909831853,0.055445251801455
Phagnalon-sordidum,Phagnalon_sordidum,Asteroideae,Gnaphalieae,0.85,0.214,0.157,Setose,28,7,viento,153.9380400259,0.015286440073654,9.93025509559E-05,-9.21733929785842,-0.830089835305159,0.00996506653043
Lessingia-filaginifolia,Lessingia_filaginifolia,Asteroideae,Astereae,2.721,0.877,2.093,Setose,29,6.787,viento,144.712341649996,0.821840641713382,0.005679133042662,-5.1709566912329,-0.039440947024105,0.075360022841437
Haplopappus-sp,Haplopappus_sp,Asteroideae,Astereae,3.517,1.18,3.368,Setose,40,7.652,viento,183.950001371279,1.92307520617364,0.01045433645443,-4.56073841493248,0.125401286818694,0.102246449593274
Eurybia-compacta,Eurybia_compacta,Asteroideae,Astereae,2.059,0.733,1.309,Setose,27,6.242,viento,122.404504827422,0.434434374731154,0.003549169820087,-5.64104155633929,-0.173424786380799,0.059574909316653
Symphyotrichum-novae-angliae,Symphyotrichum_novae-angliae,Asteroideae,Astereae,2.948,0.642,1.531,Setose,25,5.459,viento,93.6216005015729,0.477152738863737,0.005096609498211,-5.27917976460447,-0.163004200570733,0.071390542078146
Heterotheca-bolanderi,Heterotheca_bolanderi,Asteroideae,Astereae,3.932,0.857,2.399,Setose,40,8.677,viento,236.531544472759,1.13405740496408,0.00479452923293,-5.34027975420911,0.023014992339026,0.069242539186035
Euthamia-caroliniana,Euthamia_caroliniana,Asteroideae,Astereae,1.473,0.63,0.731,Setose,25,2.964,viento,27.5998213732118,0.229585117120127,0.008318355151064,-4.78929074188335,-0.443509949658076,0.091205017137566
Ericameria-ericoides,Ericameria_ericoides,Asteroideae,Astereae,1.945,0.706,0.825,Setose,14,6.79,viento,144.840301860369,0.380705274199463,0.002628448498427,-5.94136153141884,-0.194091887511146,0.051268396682821
Chrysothamnus-nauseosus,Chrysothanmnus_nauseosus,Asteroideae,Astereae,4.709,0.78,3.498,Setose,36,7.76,viento,189.179169776809,1.12506543322762,0.005947089386005,-5.12485335793427,0.022477219605862,0.077117374086551
Solidago-canadensis,Solidago_canadensis,Asteroideae,Astereae,0.895,0.334,0.243,Setose,28,1.648,viento,8.53226405425513,0.039208105188395,0.00459527558917,-5.38272654909277,-1.51077015484317,0.067788462065233
Boltonia-diffusa,Boltonia_diffusa,Asteroideae,Astereae,1.493,0.538,0.584,Aristate,2,0.805,ambiguo,2.03583057934253,0.169700938753786,0.083357098640733,-2.48462150675634,-2.49501725263727,0.288716294380371
Conyza-canadensis,Conyza_canadensis,Asteroideae,Astereae,1.929,0.61,0.902,Setose,16,2.597,viento,21.1881857672049,0.281871900290884,0.013303257865373,-4.31974632146664,-0.41471291654777,0.115339749719571
Conyza-sumatrensis,Conyza_sumatrensis,Asteroideae,Astereae,1.157,0.394,0.352,Setose,18,2.549,viento,20.412187249027,0.070531917086097,0.003455382604523,-5.66782208852369,-0.879169022626626,0.058782502537092
Erigeron-speciosus,Erigeron_speciosus,Asteroideae,Astereae,1.771,0.655,0.953,Setose,25,3.964,viento,49.3647752772819,0.298374048364183,0.006044270354393,-5.10864450453413,-0.310165128780905,0.077744905649137
Parastrephia-lucida,Parastrephia_lucida,Asteroideae,Astereae,2.487,0.692,1.464,Setose,35,5.189,viento,84.5896472862084,0.467678989756683,0.005528797012493,-5.19778502554089,-0.171249515966837,0.07435588081983
Kalimeris-indica,Kalimeris_indica,Asteroideae,Astereae,1.922,1.057,1.324,Coroniform,9,0.194,ambiguo,0.118236981110505,0.843263385463988,7.13197059284529,1.96458757672336,0.079845836364606,2.67057495548155
Pteronia-camphorata,Pteronia_camphorata,Asteroideae,Astereae,4.449,2.469,8.827,Setose,38,7,viento,153.9380400259,10.6503644978452,0.069186047120872,-2.67095606789008,0.469685405686651,0.263032406978441
Chiliotrichium-diffusum,Chiliotrichium_diffusum,Asteroideae,Astereae,5.502,1.062,4.577,Setose,60,4.95,viento,76.9768739945839,2.43685397365299,0.031656961942346,-3.45279718799825,0.205066609580344,0.177924034189723
Anthemis-tinctoria,Anthemis_tinctoria,Asteroideae,Anthemideae,1.604,0.849,1.21,Coroniform,1,0.208,ambiguo,0.135917864564909,0.454024856823185,3.34043301984825,1.20610044524636,0.395651569555535,1.82768515336976
Tanacetum-parthenium,Tanacetum_parthenium,Asteroideae,Anthemideae,1.102,0.417,0.396,Coroniform,6,0.181,ambiguo,0.102921716924255,0.075251227780495,0.731149430017118,-0.31313742149493,1.1377163336181,0.85507276299571
Matricaria-matricarioides,Matricaria_matricarioides,Asteroideae,Anthemideae,1.328,0.488,0.513,Coroniform,1,0.081,ambiguo,0.020611989400203,0.124193139188817,6.02525715746197,1.79596016020231,0.53734754509803,2.45463992419702
Anthemis-arvensis,Anthemis_arvensis,Asteroideae,Anthemideae,1.974,1.027,1.587,Epappose,0,0,ambiguo,0,0.817613250628761,8176132.50628761,15.916729798032,0.012493154109948,2859.39373054632
Rhodanthemum-arundanum,Rhodanthemum_arundanum,Asteroideae,Anthemideae,3.348,1.339,3.8,Coroniform,4,1.855,ambiguo,10.8102988608188,2.35725458450498,0.218056373190852,-1.52300165700377,0.360217553863148,0.466965066349563
Artemisia-vulgaris,Artemisia_vulgaris,Asteroideae,Anthemideae,2.319,0.835,1.516,Epappose,0,0,ambiguo,0,0.634941312373514,6349413.12373514,15.6638729451387,0.02818091638466,2519.80418360934
Leucanthemella-serotina,Leucanthemella_serotina,Asteroideae,Anthemideae,2.593,0.64,1.654,Epappose,0,0,ambiguo,0,0.417082867238827,4170828.67238827,15.2436252964276,0.054253949937241,2042.26067689418
Pentzia-incana,Pentzia_incana,Asteroideae,Anthemideae,1.225,0.421,0.446,Coroniform,3,0.642,ambiguo,1.29485139447418,0.08526291297572,0.065847638389099,-2.72041171492724,-9.52807157769344,0.256607946854923
Werneria-aretioides,Werneria_aretioides,Asteroideae,Senecioneae,2.843,1.204,2.72,Setose,28,5.242,viento,86.326454793597,1.61841434514086,0.018747605784758,-3.97668922619854,0.107992860728536,0.13692189665922
Packera-anonyma,Packera_anonyma,Asteroideae,Senecioneae,0.797,0.191,0.125,Setose,20,2.326,viento,16.9968833354932,0.011417865993963,0.000671762328505,-7.30560595781915,-1.57872523694085,0.025918378199753
Senecio-vulgaris,Senecio_vulgaris,Asteroideae,Senecioneae,2.753,0.571,1.291,Setose,24,6.258,viento,123.03282335814,0.352483111568256,0.002864951820667,-5.85520374547779,-0.21667805655299,0.053525244704415
Cacaliopsis-nardosmia,Cacaliopsis_nardosmia,Asteroideae,Senecioneae,6.788,1.717,9.979,Setose,34,12.413,viento,484.064666816642,7.85854799073276,0.016234500321599,-4.12061665175138,0.333472822579256,0.127414678595516
Brachyglottis-repanda,Brachyglottis_repanda,Asteroideae,Senecioneae,0.909,0.243,0.22,Setose,26,3.01,viento,28.4631436007889,0.021078335660382,0.000740548404701,-7.20811955880256,-1.15257060627569,0.027213019029512
Calendula-arvensis,Calendula_arvensis,Asteroideae,Calenduleae,3.686,2.898,7.22,Epappose,0,0,ambiguo,0,12.1565958550396,121565958.550396,18.6159675421725,-0.154973139836508,11025.6953771813
Helianthus-annuus,Helianthus_annuus,Asteroideae,Heliantheae,12.689,6.457,67.539,Aristate,2,4.337,ambiguo,59.0920037875903,207.753742470763,3.51576742711195,1.25725783062487,1.30821974981627,1.87503798017852
Helianthus-argophyllus,Helianthus_argophyllus,Asteroideae,Heliantheae,4.504,2.327,9.747,Aristate,2,2.3,ambiguo,16.61902513749,9.57747515652011,0.576295842846112,-0.551134134089545,0.803905107801019,0.759141517008596
Helianthus-niveus,Helianthus_niveus_spp_tephrodes,Asteroideae,Heliantheae,4.198,1.053,4.061,Aristate,2,1.033,ambiguo,3.35235896312648,1.82792790298082,0.545266144992254,-0.606481264082461,0.498636715896381,0.738421387144396
Tithonia-rotundifolia,Tithonia_rotundifolia,Asteroideae,Heliantheae,6.927,3.204,17.554,Coroniform,9,5.073,ambiguo,80.8499205241164,27.9248010816343,0.345390581290252,-1.06307938263311,0.757983725244474,0.587699397047718
Spilanthes-sp,Spilanthes_sp,Asteroideae,Helenieae,2.11,0.816,1.368,Aristate,2,0.714,ambiguo,1.60157136842946,0.551724993858966,0.344489774408881,-1.06569087138149,-1.26268386175643,0.586932512652759
Heliopsis-helianthoides,Heliopsis_helianthoides,Asteroideae,Heliantheae,3.828,1.208,4.047,Epappose,0,0,ambiguo,0,2.19364165018999,21936416.5018999,16.9036586677438,-0.048737954768175,4683.6328316703
Lipochaeta-subcordata,Lipochaeta_subcordata,Asteroideae,Heliantheae,2.46,1.584,2.812,Aristate,4,0.862,ambiguo,2.33434157169397,2.42384780834146,1.038343203025,0.03762636884716,1.04438485455364,1.01899126739389
Lipochaeta-venosa,Lipochaeta_venosa,Asteroideae,Heliantheae,2.788,1.583,3.222,Aristate,1,0.974,ambiguo,2.98035355223695,2.74356014187935,0.920548519408134,-0.08278556985767,0.924191952114755,0.959452197562825
Lipochaeta-micrantha,Lipochaeta_micrantha,Asteroideae,Heliantheae,2.828,1.83,3.898,Aristate,2,0.306,ambiguo,0.294166169711534,3.71913095189402,12.6429551407817,2.5371001541768,-1.0734546859069,3.55569334178044
Wollastonia-biflora,Wollastonia_biflora,Asteroideae,Heliantheae,3.756,2.206,6.218,Aristate,1,2.512,ambiguo,19.8239020334937,7.17788482598612,0.362082337657359,-1.01588364092752,0.659885637182516,0.601732779277778
Lipochaeta-lobata,Lipochaeta_lobata,Asteroideae,Heliantheae,2.796,0.801,1.941,Aristate,4,0.929,ambiguo,2.71132326534679,0.704469321353485,0.259824899662376,-1.34774733768159,-0.351210703672446,0.509730222433765
Montanoa-tomentosa,Montanoa_tomentosa,Asteroideae,Heliantheae,3.575,0.946,3.072,Epappose,0,0,ambiguo,0,1.25637187174605,12563718.7174605,16.3463237514133,-0.014159743520411,3544.53363892353
Verbesina-alternifolia,Verbesina_alternifolia,Asteroideae,Heliantheae,4.898,2.848,9.627,Aristate,2,1.125,ambiguo,3.97607820219958,15.6012227063932,3.92377149558714,1.36705330748642,1.99040591656003,1.98085120480745
Chrysogonum-australe,Chrysogonum_australe,Asteroideae,Heliantheae,5.865,2.95,10.866,Coroniform,1,0.749,ambiguo,1.76243662025653,20.0434249435037,11.3725643100459,2.43120381531927,5.29012736375267,3.37232328077334
Rojasianthe-superba,Rojasianthe_superba,Asteroideae,Heliantheae,6,2.957,12.571,Aristate,10,2.55,ambiguo,20.4282062299676,20.6022088368738,1.00851775746219,0.008481686053037,1.00281137570309,1.00424984812654
Calea-candolleana,Calea_candollena,Asteroideae,Heliantheae,2.782,0.878,2.055,Paleaceous,13,0.883,viento,2.44946523448477,0.842182171009338,0.343822857646804,-1.06762870294151,-0.191723103949464,0.586364099895964
Schkuhria-pinnata,Schkuhria_pinnata,Asteroideae,Bahieae,3.35,0.869,1.732,Paleaceous,8,1.833,ambiguo,10.5554025992772,0.993445954636212,0.094117295468438,-2.36321345046531,-0.00279025369735,0.306785422516191
Chaenactis-douglasii,Chaenactis_douglasii,Asteroideae,Chaenactidae,5.872,0.661,3.245,Paleaceous,12,4.357,viento,59.6382639181965,1.00750880798854,0.016893664236792,-4.08081662457591,0.001829797718284,0.129975629395636
Eriophyllum-lanatum,Eriophyllum_lanatum,Asteroideae,Madieae,2.875,0.581,1.393,Coroniform,9,0.785,ambiguo,1.93592793295837,0.381109697312246,0.196861500440105,-1.62525484094633,-1.46031983046558,0.443690771191046
Deinandra-minthornii,Deinandra_minthornii,Asteroideae,Madieae,2.124,0.675,1.038,Paleaceous,10,1.529,ambiguo,7.34454411086101,0.380033554566236,0.051743654017937,-2.96145348202876,-0.48521375492546,0.227472314838394
Eutrochium_fistulosum,Eutrochium_fistulosum,Asteroideae,Eupatorieae,3.203,0.636,1.563,Setose,32,5.934,viento,110.622878925188,0.508781200425835,0.004599240273886,-5.38186414697808,-0.14358669591111,0.067817698824759
Stevia-sp,Stevia_sp,Asteroideae,Eupatorieae,3.55,0.607,1.714,Paleaceous,4,1.167,ambiguo,4.27850047740475,0.513648023032487,0.12005327888586,-2.1198196440193,-0.458321291481416,0.346487054427522
Amauria-rotundifolia,Amauria_rotundifolia,Asteroideae,Perityleae,2.43,0.448,0.939,Epappose,0,0,ambiguo,0,0.191523551878624,1915235.51878624,14.465351159346,0.10253968752903,1383.92034409002
Porophyllum-ruderale,Porophyllum_ruderale,Asteroideae,Tageteae,9.08,0.765,5.811,Setose,26,9.762,viento,299.383236702162,2.08674126639119,0.006970133961676,-4.96612083464177,0.129014239272384,0.0834873281503
Thymophylla-sp,Thymophylla_sp,Asteroideae,Tageteae,2.149,0.242,0.421,Paleaceous,16,2.35,viento,17.3494454294496,0.049422764365278,0.002848665352526,-5.86090469174637,-1.05389182858144,0.053372889677493
Guizotia-abissynica,Guizotia_abissynica,Asteroideae,Heliantheae,4.465,1.851,6.361,Epappose,0,0,ambiguo,0,6.00750562934409,60075056.2934409,17.9111052766391,-0.111242026633223,7750.81004111447
Helenium-autumnale,Helenium_autumnale,Asteroideae,Helenieae,1.714,0.674,0.991,Aristate,6,1.124,ambiguo,3.96901276032166,0.305766918416737,0.077038530530727,-2.56344958578209,-0.859569969716163,0.277558157024301
Lowryanthus-rubens,Lowryanthus_rubens,Cichorioideae,Athroismeae,4.816,1.609,5.404,Epappose,0,0,ambiguo,0,4.89619213743215,48961921.3743216,17.7065534391549,-0.098551207450003,6997.27956954141
Pallenis-maritima,Pallenis_maritimus,Asteroideae,Inuleae,1.339,0.594,0.646,Coroniform,9,0.711,ambiguo,1.58814105983537,0.185529661701746,0.11682189618521,-2.14710475881869,-3.6417438370807,0.341792182744442
Pallenis-spinosa,Pallenis_spinosa,Asteroideae,Inuleae,1.896,0.635,0.939,Coroniform,6,0.516,ambiguo,0.836467893574204,0.300224181365267,0.358918911030197,-1.02465879057506,6.73823084120247,0.59909841514579
Inula-helenium,Inula_helenium,Asteroideae,Inuleae,4.618,0.944,3.766,Setose,19,7.057,viento,156.455237997996,1.61606119799554,0.010329223985351,-4.57277812109735,0.094995781349324,0.101632789912264
Tessaria-sp,Tessaria_sp,Asteroideae,Inuleae,0.437,0.219,0.076,Setose,17,3.434,viento,37.0467789781155,0.008230563167263,0.000222166767856,-8.41208225154751,-1.32880946126081,0.014905259737961
Corymbium-glabrum,Corymbium_glabrum,Corymbioideae,Corymbieae,7.49,1.339,8.561,Setose,50,2.09,viento,13.7227908701456,5.2735474426351,0.384291173283037,-0.956354749973223,0.634847819020594,0.619912230306062
Lactuca-florida,Lactuca_floridana,Cichorioideae,Cichorieae,4.781,1.607,5.631,Setose,60,5.445,viento,93.1420175334465,4.84853330233634,0.052055274574547,-2.9554491523686,0.348176573905789,0.228156250351698
Lactuca-hirsuta,Lactuca_hirsuta,Cichorioideae,Cichorieae,4.28,1.459,4.277,Setose,100,11.393,viento,407.780137011057,3.57778499641835,0.008773808900466,-4.73598425668202,0.212078114520113,0.093668612141241
Lactuca-graminifolia,Lactuca_graminifolia,Cichorioideae,Cichorieae,4.82,1.02,2.903,Setose,100,6.301,viento,124.729399630007,1.96927908056888,0.015788411431721,-4.14847906174654,0.140415860643199,0.125651945594649
Lactuca-viminea,Lactuca_viminea,Cichorioideae,Cichorieae,5.386,1.373,5.244,Setose,100,7.661,viento,184.382966246019,3.98719346881105,0.021624521764817,-3.83392734133048,0.265110912997341,0.147052785641134
Lactuca-pulchella,Lactuca_pulchella,Cichorioideae,Cichorieae,2.858,0.735,1.72,Setose,35,5.964,viento,111.744239006961,0.606312871911761,0.005425898254418,-5.21657181641065,-0.106093420664627,0.07366069680921
Lactuca-plumieri,Lactuca_plumieri,Cichorioideae,Cichorieae,6.313,1.422,5.545,Setose,42,7.544,viento,178.794120039172,5.01296725537033,0.028037651637919,-3.57420697075386,0.310828185271999,0.167444473297624
Lactuca-plumieri.1,Lactuca_plumieri,Cichorioideae,Cichorieae,6.313,1.422,5.545,Setose,42,7.544,viento,178.794120039172,5.01296725537033,0.028037651637919,-3.57420697075386,0.310828185271999,0.167444473297624
Nabalus-sagittatus,Nabalus_sagittatus,Cichorioideae,Cichorieae,5.213,0.803,3.785,Setose,40,6.892,viento,149.224595470384,1.3200144980178,0.008845823927164,-4.72780980396611,0.055468055797517,0.094052240415439
Nabalus-albus,Nabalus_albus,Cichorioideae,Cichorieae,5.206,1.05,4.393,Setose,46,6.967,viento,152.490045414341,2.25394153980422,0.014780909351832,-4.21441883952034,0.161659921074911,0.121576763206758
Cichorium-intybus,Cichorium_intybus,Cichorioideae,Cichorieae,1.734,1.125,1.628,Coroniform,12,0.378,ambiguo,0.448883324715524,0.861814950326759,1.91990816072776,0.652277351941366,0.185663146913031,1.38560750601596
Tragopogon-dubius,Tragopogon_dubius,Cichorioideae,Cichorieae,12.772,1.842,17.537,Setose,24,32.372,viento,3292.22066133039,17.0175896543544,0.005169030695215,-5.26507009445836,0.349936579655341,0.071895971342036
Tragopogon-pratensis,Tragopogon_pratensis,Cichorioideae,Cichorieae,8.879,1.654,10.691,Setose,28,20.35,viento,1301.00420368624,9.53882655641695,0.007331895261104,-4.91552123428072,0.314517436146866,0.085626486913245
Scolymus-hispanicus,Scolymus_hispanicus,Cichorioideae,Cichorieae,3.144,1.584,3.624,Aristate,2,5.343,ambiguo,89.68508437566,3.09779573553884,0.034540813042101,-3.36561366739469,0.251471138649955,0.185851588753234
Lychnophora-granmogolensis,Lychnophora_granmogolensis,Cichorioideae,Vernonieae,2.428,1.288,2.696,Paleaceous,9,3.954,ambiguo,49.1160239709706,1.58175892692597,0.032204539289263,-3.43564786465111,0.11774926794814,0.179456232238569
Eremanthus-incanus,Eremanthus_incanus,Cichorioideae,Vernonieae,2.847,1.076,2.563,Setose,21,4.41,viento,61.0980080862797,1.2944101075205,0.021185798783719,-3.85442419045897,0.062749270993972,0.145553422439043
Heterocoma-ekmaniana,Heterocoma_ekmaniana,Cichorioideae,Vernonieae,3.735,1.421,4.592,Paleaceous,NA,16,viento,804.247719318987,2.96168351281012,0.003682551334991,-5.60414946946903,0.162297892534589,0.060684028664809
Centratherum-punctatum,Centratherum_punctatum,Cichorioideae,Vernonieae,3.134,1.702,4.125,Epappose,0,0,ambiguo,0,3.56515149625217,35651514.9625217,17.3893021993641,-0.078868284190271,5970.88895915187
Allocephalus-gamolepis,Allocephalus_gamolepis,Cichorioideae,Vernonieae,2.033,1.402,2.071,Paleaceous,10,6.2,viento,120.762821603992,1.56925417079753,0.012994513946056,-4.34322801473899,0.093995948913728,0.113993482033209
Elephantopus-tomentosus,Elephantopus_tomentosus,Cichorioideae,Vernonieae,2.744,0.687,1.376,Paleaceous,6,4.705,ambiguo,69.5455151123336,0.508577879690888,0.007312878165301,-4.91811835284837,-0.159391767764174,0.085515368006582
Strophopappus-speciosus,Strophopappus_speciosus,Cichorioideae,Vernonieae,1.984,1.289,2.023,Paleaceous,32,9,viento,254.469004940773,1.29451589751152,0.005087126022692,-5.28104223996847,0.046601996259668,0.071324091460686
Stilpnopappus-tomentosus,Stilpnopappus_tomentosus,Cichorioideae,Vernonieae,1.232,0.836,0.691,Paleaceous,8,4.793,viento,72.1713336504276,0.338129567040387,0.004685095168251,-5.36336905010396,-0.253403889809698,0.068447755027111
Lepidaploa-opposita,Lepidaploa_opposita,Cichorioideae,Vernonieae,1.063,0.81,0.693,Setose,20,3.828,viento,46.0355918431609,0.273881809155193,0.005949349136063,-5.12447345430498,-0.338187079445328,0.07713202406305
Lessingianthus-monocephalus,Lessingianthus_monocephalus,Cichorioideae,Vernonieae,3.133,1.219,3.588,Setose,36,11.374,viento,406.421168852115,1.82821678459899,0.004498330609384,-5.40404892672678,0.100433142971975,0.067069595267783
Cyrtocymura-scorpioides,Cyrtocymura_scorpioides,Cichorioideae,Vernonieae,0.976,0.586,0.503,Setose,40,5.376,viento,90.7963505202364,0.131614862806399,0.001449561154246,-6.53649442060219,-0.449777478470437,0.038073102766206
Stokesia-laevis,Stokesia_laevis,Cichorioideae,Vernonieae,6.758,2.414,12.196,Epappose,0,0,ambiguo,0,15.4650954452532,154650954.452532,18.8566812287707,-0.169907514951961,12435.8736907598
Gymnanthemum-amygdalinum,Gymnanthemum_amygdalinum,Cichorioideae,Vernonieae,3.337,0.851,2.433,Setose,41,5.691,viento,101.748272377879,0.949019666799099,0.009327132969313,-4.67482760295292,-0.011319791450849,0.096577083044133
Moquinia-racemosa,Moquinia_racemosa,Cichorioideae,Moquineae,1.199,0.565,0.631,Setose,18,4.044,viento,51.3774051948776,0.150305877861975,0.002925524887824,-5.83428136556868,-0.481083367647833,0.054088121503929
Erato-polymnoides,Erato_polymnoides,Cichorioideae,Liabeae,1.47,0.572,0.324,Setose,30,5.004,viento,78.6655303113709,0.188872738829378,0.002400959325408,-6.0318869025744,-0.381810660124354,0.048999584951389
Didelta-spinosa,Didelta_spinosa,Cichorioideae,Arctotideae,3.516,2.057,5.21,Coroniform,17,1.348,ambiguo,5.70860057720863,5.84221231013307,1.02340532128265,0.023135616987076,1.01328126478278,1.01163497432753
Gazania-krebsiana,Gazania_krebsiana,Cichorioideae,Arctotideae,2.098,0.621,0.997,Setose,20,1.27,viento,5.06707479097498,0.317722938054162,0.06270342256438,-2.7693392464793,-0.706557298109946,0.250406514620486
Arctotis-semipapposa,Arctotis_semipapposa,Cichorioideae,Arctotideae,3.14,1.821,4.893,Coroniform,7,0.268,ambiguo,0.225641750751433,4.0889276425065,18.1213176052649,2.89708901349353,-0.945914035917459,4.25691409418429
Haplocarpha-nervosa,Haplocarpha_nervosa,Cichorioideae,Arctotideae,3.201,1.935,5.006,Coroniform,2,0.5,ambiguo,0.785398163397448,4.70660225507407,5.99263134949448,1.79053060606732,-6.4122304110189,2.44798516120798
Platycarpha-glomerata,Platycarpha_glomerata,Cichorioideae,Platycarpheae,3.749,1.293,4.201,Paleaceous,9,4.629,ambiguo,67.3169195493594,2.46134434282895,0.036563531956744,-3.3087039299304,0.2139747225138,0.1912159301856
Eremothamnus-marlothianus,Eremothamnus_marlothianus,Cichorioideae,Eremothamneae,4,1.286,4.043,Setose,38,5.888,viento,108.914443141054,2.59777668206809,0.023851535248806,-3.73590669270039,0.203526960032718,0.154439422586353
Jurinea-alata,Jurinea_alata,Carduoideae,Cardueae,3.088,1.453,3.746,Setose,27,8.448,viento,224.211396182624,2.56016765225276,0.011418543814899,-4.47251659471483,0.173682628852389,0.106857586604315
Carthamus-tinctorius,Carthamus_tinctorius,Carduoideae,Cardueae,6.2,4.218,19.995,Setose,14,6.54,ambiguo,134.370944342281,43.317633848289,0.322373516299099,-1.13204441719805,0.768999011765084,0.567779460969749
Carthamus-lanatus,Carthamus_lanatus,Carduoideae,Cardueae,4.771,2.95,12.301,Paleaceous,31,8.135,ambiguo,207.905025487612,16.3047195917231,0.078423883913533,-2.5456267562654,0.523030176814486,0.280042646597859
Centaurea-benedicta,Centaurea_benedicta,Carduoideae,Cardueae,7.621,2.155,15.457,Setose,20,7.975,mirmecocoria,199.807256263719,13.8984508733436,0.069559289919098,-2.66557579772673,0.49680987744353,0.263740952298081
Silybum-marianum,Silybum_marianum,Carduoideae,Cardueae,7.321,3.338,17.935,Setose,57,17.537,viento,966.185413488616,32.0333941328249,0.033154499832332,-3.40657683001385,0.504379381589033,0.18208377146888
Cynara-cardunculus,Cynara_cardunculus,Carduoideae,Cardueae,5.72,2.77,12.068,Setose,35,24.487,viento,1883.74032672609,17.2351652842863,0.009149437976584,-4.6940628249053,0.377529011062752,0.095652694559978
Shangwua-jacea,Shangwua_jacea,Carduoideae,Cardueae,6.352,1.459,7.918,Setose,38,14.76,viento,684.419835688704,5.30983418160032,0.007758153554216,-4.85901091714447,0.255731380282984,0.088080381210667
Echinops-strigosus,Echinops_strigosus,Carduoideae,Cardueae,15.55,5.03,62.023,Aristate,30,2.277,ambiguo,16.288306537254,154.499205050152,9.48528343006434,2.24974148486612,1.80622965031788,3.07981873331278
Gladdiopappus-vernonoidea,Gladdiopappus_vernonioidea,Carduoideae,Dicomeae,2,1.331,1.995,Paleaceous,17,1.734,viento,9.44600256073703,1.39138075574655,0.147298365850554,-1.91529504959713,0.147086672277106,0.383794692316808
Macledium-zeyheri,Macledium_zeyheri,Mutisioideae,Dicomeae,3.686,1.765,5.262,Setose,72,7.561,viento,179.600833908725,4.50925334414917,0.025107084658249,-3.68460521537074,0.290157571525459,0.158452152583198
Oldenburgia-grandis,Oldenburgia_grandis,Carduoideae,Oldenburgieae,11.46,1.644,17.299,Setose,23,30.154,viento,2856.53621036136,12.163207892841,0.004258026853746,-5.45894940587373,0.313975245773162,0.065253558169234
Myripnois-dioica,Myripnois_dioica,Asteroideae,Pertyeae,4.753,1.44,5.77,Setose,24,10.581,viento,351.725051151431,3.87037177754718,0.01100396961711,-4.50949919700051,0.230834939150373,0.10489980751703
Hecastocleis-shockleyi,Hecastocleis_shockleyi,Hecastoclesioideae,Hecastocleideae,6.204,1.799,11.01,Coroniform,8,1.199,ambiguo,4.51635674039334,7.8848602711976,1.74584527969027,0.557238839338754,1.36959391616828,1.32130438570765
Cyclolepis-genistoides,Cyclolepis_genistoides,Gochnatoideae,Gochnatieae,2.783,0.637,1.449,Setose,29,8.534,viento,228.799541456745,0.443457451376476,0.001938192045138,-6.24599967592471,-0.149673556330775,0.044024902556824
Nahuatlea-hypoleuca,Nahuatlea_hypoleuca,Gochnatioideae,Gochnatieae,2.651,0.617,1.494,Setose,20,7.233,viento,164.356469185481,0.396314481109648,0.002411310505954,-6.02758490086917,-0.181407370928614,0.049105096537471
Moquiniastrum-densicephalum,Moquiniastrum_densicephalum,Gochnatioideae,Gochnatieae,2.407,1.187,2.828,Setose,65,8.165,viento,209.441264295218,1.33179510368782,0.006358799960139,-5.05791560494616,0.053612269050637,0.079742083996716
Trichocline-cisplatina,Trichocline_cisplatina,Mutisioideae,Mutisieae,2.991,1.26,3.305,Setose,19,23.079,viento,1673.3386681319,1.86473614475574,0.001114380597399,-6.79945654645483,0.083949232224113,0.03338233960344
Trichocline-macrocephala,Trichocline_macrocephala,Mutisioideae,Mutisieae,9.864,2.189,21.357,Setose,75,30.065,viento,2839.69887280878,18.5611325612068,0.006536303105334,-5.03038354775462,0.367363001301722,0.080847406299361
Trichocline-reptans,Trichocline_reptans,Mutisioideae,Mutisieae,8.215,3.91,23.834,Setose,47,17.598,viento,972.918584819532,49.3197615559935,0.050692588589078,-2.98197556074558,0.566592243728333,0.225150146766725
Mutisia-sp,Mutisia_sp,Mutisioideae,Mutiseae,12.622,2.58,25.776,Setose,24,14.642,viento,673.520281039004,32.9934304771675,0.048986543391643,-3.01620964324811,0.536859691900731,0.221329038744678
Chaetanthera-sp,Chaetanthera_sp,Mutisioideae,Mutisieae,10.223,2.473,21.206,Setose,20,11.447,viento,411.654851726288,24.5519776013572,0.05964214315083,-2.819392854942,0.531676728672899,0.244217409598149
Perezia-sp,Perezia_sp,Mutisioideae,Nassauvieae,3.136,1.298,3.715,Setose,29,7.691,viento,185.829858158556,2.07484340470237,0.011165285407556,-4.49494583131584,0.139695544476548,0.105665914123503
Nassauvia-argentea,Nassauvia_argentea,Mutisioideae,Nassauvieae,3.318,2.279,5.982,Paleaceous,4,6.183,ambiguo,120.101481792892,6.76744784956571,0.056347746446634,-2.87621303136998,0.399329456004546,0.23737680267169
Dolichlasium-sp,Dolichlasium_sp,Mutisioideae,Nassauvieae,7.623,1.146,6.6,Setose,19,14.43,viento,654.157816134469,3.93147067627498,0.00600997279052,-5.11433505781303,0.211158407723706,0.0775240142828
Proustia-sp,Proustia_sp,Mutisioideae,Nassauvieae,2.233,0.646,1.316,Setose,36,7.405,viento,172.266170106759,0.365943169081287,0.002124289224298,-6.15431801524091,-0.19523582662449,0.046090012196765
Onoseris-sp,Onoseris_sp,Mutisioideae,Onoserideae,3.782,1.005,3.304,Setose,19,12.165,viento,464.91557888514,1.50007693595259,0.003226557688661,-5.73633944110756,0.066025059540408,0.05680279648627
Plazia-daphnoides,Plazia_daphnoides,Mutisioideae,Onoserideae,3.604,0.924,2.421,Setose,36,7.996,viento,200.8609181654,1.20833849243978,0.006015796914974,-5.11336645038881,0.035689249666377,0.077561568543795
Gongylolepis-benthamania,Gongylolepis_benthamania,Stifftioideae,Stifftieae,10.662,2.148,17.904,Setose,35,14.457,viento,656.608098183044,19.3182204603268,0.029421233930623,-3.52603862279094,0.456452728518006,0.171526190217771
Stifftia-parviflora,Stifftia_parviflora,Stifftioideae,Stifftieae,9.84,1.66,13.128,Setose,55,10.09,viento,319.839579035935,10.6480764409654,0.033291928627882,-3.40244029492246,0.410099386338114,0.182460759145308
Hyaloseris-rubicunda,Hyaloseris_rubicunda,Stifftioideae,Stifftieae,9.024,1.594,12.388,Setose,28,16.675,viento,873.537508789319,9.00400249065826,0.010307516734006,-4.57488186990594,0.324496512036156,0.10152594118749
Hyalis-argentea,Hyalis_argentea,Wunderlichioideae,Hyalideae,5.974,1.416,7.194,Setose,39,9.164,viento,263.827482730181,4.70382992482828,0.017829188507461,-4.0269183609044,0.277721078281627,0.133525984390534
Famatinanthus-decussatus,Famatinanthus_decussatus,Famatinanthoideae,Famatinantheae,6.475,2.151,9.514,Setose,42,10.512,viento,347.152723796321,11.7646897627702,0.033889089593558,-3.38466215729562,0.421402010602484,0.184089895414056
Barnadesia-arborea,Barnadesia_arborea,Barnedesiodieae,Barnadesieae,2.22,2.16,4.34,Setose,18,10,viento,314.159265358979,4.06743257497332,0.012947039995879,-4.3468880887099,0.244006324603807,0.1137850605127
Fulcaldea-stuessyi,Fulcaldea_stuessyi,Barnadesioideae,Barnadesieae,5.211,1.572,7.529,Setose,37,16.435,viento,848.573156926832,5.05691952360721,0.005959320633386,-5.12279879208894,0.240341658905212,0.077196636153304
Dasyphyllum-reticulatum,Dasyphyllum_reticulatum,Barnedesiodieae,Barnadesieae,8.138,3.479,20.792,Setose,23,16.354,viento,840.229372723829,38.6799967316786,0.046035044694621,-3.07835233135931,0.542842152450391,0.214557788706496
Schlechtendalia-luzulaefolia,Schlechtendalia_luzulaefolia,Barnedesiodieae,Barnadesieae,4.16,1.542,5.589,Paleaceous,16,9.344,viento,274.293510160056,3.88438227547255,0.014161407872136,-4.2572347696607,0.241702161244685,0.11900171373613
